MaxHector,WA,20748588@student.uwa.edu.au,5/5/92,MALE,70000,26,
Alireza,BC,a.r.zakeri@gmail.com,11/27/91,MALE,100000,27,
Aaron,MD,aaron.bornstein@mail.goucher.edu,8/12/91,MALE,40000,27,
Amy,KS,abretch1@g.emporia.edu,3/6/92,FEMALE,70000,26,
Abi,MN,adg25726@bethel.edu,2/3/93,FEMALE,70000,25,
Antonio,FL,Afluriach@gmail.com,5/7/91,MALE,85000,27,
Andre,TN,andre_woodley@yahoo.com,8/18/90,MALE,40000,28,
Chris,NY,as33700n@pace.edu,8/26/90,MALE,35000,28,
Benjamin,AL,ben.1plus1@gmail.com,4/15/93,MALE,75000,25,
Bryon,IL,Bryon.Drown@my.wheaton.edu,3/11/90,MALE,35000,28,
JingDao,MO,chenjingdao@wustl.edu,10/14/92,MALE,35000,26,
Phillip,PA,cunninghamp3@scranton.edu,10/27/88,MALE,85000,30,
Hugo,MG,durgeshugo@ig.com.br,1/11/91,MALE,100000,27,
Dustin,CA,dust.rod@gmail.com,7/13/90,MALE,100000,28,
Dylan,MT,dylanhills@bresnan.net,5/12/94,MALE,70000,24,
Erin,KS,ErinEWilson@stu.bakeru.edu,9/5/92,FEMALE,85000,26,
Guilherme,RJ,gdcs92@gmail.com,5/3/92,MALE,70000,26,
Alex,WI,hankea4711@uwstout.edu,5/18/92,MALE,40000,26,
hao,N/A,heroming7788@gmail.com,7/16/91,MALE,40000,27,
Jacob,WI,hipkej5975@my.uwstout.edu,4/17/92,MALE,70000,26,
Jenny,WA,jabrah@cs.washington.edu,10/15/89,FEMALE,35000,29,
Jared,WI,jared.potter@my.uwrf.edu,5/25/90,MALE,75000,28,
Jasmine,CA,jdahilig@lion.lmu.edu,11/12/92,FEMALE,80000,26,
Jeff,OR,jemurphy@linfield.edu,6/12/91,MALE,70000,27,
João,SP,joao.batista665@gmail.com,5/19/94,MALE,100000,24,
John,ND,john.bickler@gmail.com,3/12/94,MALE,85000,24,
Jonathan,SD,Jonathan.Richardson@Mines.sdsmt.edu,6/26/91,MALE,100000,27,
Dylan,WI,jonesdy@uwplatt.edu,10/4/92,MALE,70000,26,
Ryan,WI,JorgensenR@ripon.edu,10/7/87,MALE,80000,31,
Joshua,VA,jsnider3@gmu.edu,6/26/93,MALE,70000,25,
CaioCesar,RJ,k10.czar@gmail.com,10/6/87,MALE,85000,31,
Karl,MN,karl-johnson@bethel.edu,11/27/90,MALE,75000,28,
Kevin,TN,kjtindall42@students.tntech.edu,6/12/91,MALE,80000,27,
Kevin,VA,kmw8sf@virginia.edu,4/8/93,MALE,85000,25,
Kate,OR,kshear@linfield.edu,10/18/91,FEMALE,70000,27,
Andrei,NC,makhaa10@highpoint.edu,3/29/92,MALE,100000,26,
Nathan,AR,mal51929@obu.edu,3/27/93,MALE,75000,25,
Marcella,MA,marcellahastings@gmail.com,5/25/93,FEMALE,80000,25,
Matheus,Pr,mat.stoeberl@gmail.com,4/14/93,MALE,70000,25,
Matt,TN,mccmc@rhodes.edu,2/26/91,MALE,85000,27,
Hannah,WI,millerhj@uwec.edu,5/15/91,FEMALE,70000,27,
Mohammad,CA,mmoghimi@ucsd.edu,1/24/85,MALE,100000,33,
Tim,WI,MORGT4372@students.uwc.edu,4/20/94,MALE,75000,24,
John,Il,pjmeyerin@mckendree.edu,4/13/85,MALE,35000,33,
Joe,VT,pjreddie@gmail.com,9/1/89,MALE,70000,29,
Patrick,NY,plin02@students.poly.edu,10/29/93,MALE,40000,25,
Prachi,DE,prachirp@tamu.edu,1/28/92,FEMALE,70000,26,
Reudismam,PB,reudismam@gmail.com,11/8/87,MALE,70000,31,
Ryan,NC,rpdoyle@live.unc.edu,11/22/92,MALE,80000,26,
Sam,MN,sdb78743@bethel.edu,7/22/90,MALE,85000,28,
Sean,Pa,seanbromiley@kings.edu,9/17/91,MALE,70000,27,
Elliot,PA,stejr02@moravian.edu,7/27/92,MALE,35000,26,
Tyler,Ne,tmasek@nebrwesleyan.edu,12/10/91,MALE,35000,27,
Tony,CA,tonyjin1@stanford.edu,6/9/92,MALE,75000,26,
Vaan,TN,waberv@goldmail.etsu.edu,9/27/89,MALE,75000,29,
Zitian,北京,wangzitian0@gmail.com,3/23/94,MALE,75000,24,
Ryen,PA,wilkinrj@wclive.westminster.edu,3/29/91,MALE,75000,27,
Whitney,CA,wmaguffe@cs.ucsd.edu,12/23/88,FEMALE,35000,30,
Yalan,IL,ymeng7@illinois.edu,8/27/92,FEMALE,80000,26,
Yuhao,AR,yxw024@uark.edu,7/2/92,MALE,70000,26,
Zachary,PA,zf2153@messiah.edu,5/30/93,MALE,40000,25,
Zhe,CA,zhfu@cs.ucsd.edu,8/9/88,MALE,40000,30,
Zhengyu,VA,zl8pj@virginia.edu,5/4/92,MALE,100000,26,
Landon,TN,zldp3@goldmail.etsu.edu,7/25/86,MALE,35000,32,
Zackary,TX,zrweger@gmail.com,6/15/92,MALE,80000,26,
